{
    "root_group": {
        "checks": {
            "status is 2xx": {
                "name": "status is 2xx",
                "path": "::status is 2xx",
                "id": "625da780c1868b693c9052f10511e6a0",
                "passes": 78708,
                "fails": 0
            }
        },
        "name": "",
        "path": "",
        "id": "d41d8cd98f00b204e9800998ecf8427e",
        "groups": {}
    },
    "metrics": {
        "http_req_blocked": {
            "min": 0,
            "med": 0,
            "max": 31.1215,
            "p(90)": 0,
            "p(95)": 0,
            "avg": 0.013725067019019406
        },
        "data_sent": {
            "count": 14354945,
            "rate": 46718.963946183874
        },
        "checks": {
            "passes": 78708,
            "fails": 0,
            "value": 1
        },
        "vus": {
            "value": 195,
            "min": 195,
            "max": 1000
        },
        "http_req_duration{expected_response:true}": {
            "avg": 1299.2338820300035,
            "min": 1.595,
            "med": 1001.2716,
            "max": 18742.9098,
            "p(90)": 2339.872,
            "p(95)": 3063.03842
        },
        "http_reqs": {
            "count": 78709,
            "rate": 256.16280196407484
        },
        "http_req_tls_handshaking": {
            "avg": 0,
            "min": 0,
            "med": 0,
            "max": 0,
            "p(90)": 0,
            "p(95)": 0
        },
        "http_req_sending": {
            "min": 0,
            "med": 0,
            "max": 8.2229,
            "p(90)": 0,
            "p(95)": 0,
            "avg": 0.02132554853955705
        },
        "http_req_failed": {
            "passes": 0,
            "fails": 78709,
            "value": 0
        },
        "iteration_duration": {
            "avg": 8147.691081311235,
            "min": 5037.0749,
            "med": 7174.66145,
            "max": 35919.4178,
            "p(90)": 10542.417480000002,
            "p(95)": 12227.653919999997
        },
        "http_req_receiving": {
            "max": 22.7371,
            "p(90)": 0.5428,
            "p(95)": 0.5980599999999991,
            "avg": 0.16721031012971907,
            "min": 0,
            "med": 0
        },
        "data_received": {
            "count": 453529246,
            "rate": 1476036.0623056344
        },
        "http_req_connecting": {
            "min": 0,
            "med": 0,
            "max": 31.1215,
            "p(90)": 0,
            "p(95)": 0,
            "avg": 0.00870059967729229
        },
        "http_req_duration": {
            "avg": 1299.2338820300035,
            "min": 1.595,
            "med": 1001.2716,
            "max": 18742.9098,
            "p(90)": 2339.872,
            "p(95)": 3063.03842
        },
        "iterations": {
            "count": 37354,
            "rate": 121.5706628792902
        },
        "http_req_waiting": {
            "p(95)": 3062.788539999998,
            "avg": 1299.0453461713319,
            "min": 1.595,
            "med": 1001.0584,
            "max": 18742.9098,
            "p(90)": 2339.45526
        },
        "vus_max": {
            "value": 1000,
            "min": 1000,
            "max": 1000
        }
    }
}